﻿TOTAL COUNTER LIST,VERSION 3.0.1
21-02-2020 10:33
TOSHIBA e-STUDIO400AC
CRGJ00024
TOTAL,3143,345,84,556,96,2968,DF TOTAL,3182,
,
,,,
,,,
,,,,,,,
,,,,,,,
PRINT COUNTER,
,TOTAL,
,,,FULL COLOR, HIGH COLOR, MIDDLE COLOR, LOW COLOR, TWIN/MONO COLOR, BLACK, TOTAL,
,,COPY,1039,15,12,32,84,259,1441,
,,FAX,0,0,0,0,0,142,142,
,,PRINTER,2104,330,72,524,12,2140,5182,
,,LIST,0,0,0,0,0,427,427,
,,TOTAL,3143,345,84,556,96,2968,7192,
,COPY,
,,,FULL COLOR, HIGH COLOR, MIDDLE COLOR, LOW COLOR, TWIN/MONO COLOR, BLACK, TOTAL,
,,SMALL,1023,3,4,14,68,249,1361,
,,LARGE,16,12,8,18,16,10,80,
,,TOTAL,1039,15,12,32,84,259,1441,
,FAX,
,,,FULL COLOR, HIGH COLOR, MIDDLE COLOR, LOW COLOR, TWIN/MONO COLOR, BLACK, TOTAL,
,,SMALL,0,0,0,0,0,130,130,
,,LARGE,0,0,0,0,0,12,12,
,,TOTAL,0,0,0,0,0,142,142,
,PRINTER,
,,,FULL COLOR, HIGH COLOR, MIDDLE COLOR, LOW COLOR, TWIN/MONO COLOR, BLACK, TOTAL,
,,SMALL,2050,310,58,510,4,2094,5026,
,,LARGE,54,20,14,14,8,46,156,
,,TOTAL,2104,330,72,524,12,2140,5182,
,LIST,
,,,FULL COLOR, HIGH COLOR, MIDDLE COLOR, LOW COLOR, TWIN/MONO COLOR, BLACK, TOTAL,
,,SMALL,0,0,0,0,0,413,413,
,,LARGE,0,0,0,0,0,14,14,
,,TOTAL,0,0,0,0,0,427,427,
SCAN COUNTER,
,TOTAL,
,,,FULL COLOR, TWIN/MONO COLOR, BLACK, TOTAL,
,,COPY,1035,19,299,1353,
,,FAX,0,0,584,584,
,,NETWORK,1057,0,1267,2324,
,,TOTAL,2092,19,2150,4261,
,COPY,
,,,FULL COLOR, TWIN/MONO COLOR, BLACK, TOTAL,
,,SMALL,1008,12,294,1314,
,,LARGE,27,7,5,39,
,,TOTAL,1035,19,299,1353,
,FAX,
,,,FULL COLOR, TWIN/MONO COLOR, BLACK, TOTAL,
,,SMALL,0,0,570,570,
,,LARGE,0,0,14,14,
,,TOTAL,0,0,584,584,
,NETWORK,
,,,FULL COLOR, TWIN/MONO COLOR, BLACK, TOTAL,
,,SMALL,1052,0,1241,2293,
,,LARGE,5,0,26,31,
,,TOTAL,1057,0,1267,2324,
CALIBRATION COUNTER,34,
OCR COUNTER,11,
